"";"FIPS";"CountyName";"StateName";"NumberOfSchools";"NumberOfHospitals";"AverageHospitalRating";"UnemploymentRate";"ZHVIPerSqft_AllHomes";"AverageHousePrice";"MedianRentalPrice_AllHomes"
"0";"01001";"Autauga";"Alabama";"15";"1";"4.00";"3.60";"72.56";"114483.67";"1255.21"
"1";"01003";"Baldwin";"Alabama";"47";"4";"3.00";"3.60";"90.39";"164861.69";"1165.94"
"2";"01069";"Houston";"Alabama";"31";"5";"3.50";"4.10";"72.94";"114941.00";"975.63"
"3";"01073";"Jefferson";"Alabama";"226";"14";"2.75";"3.70";"68.25";"99759.77";"855.86"
"4";"01081";"Lee";"Alabama";"37";"1";"4.00";"3.60";"74.79";"148163.22";"1143.89"
"5";"01097";"Mobile";"Alabama";"121";"7";"2.00";"4.70";"60.36";"93971.65";"834.40"
"6";"01113";"Russell";"Alabama";"19";"2";"4.00";"4.10";"63.40";"103098.47";"1105.92"
"7";"01115";"Saint Clair";"Alabama";"28";"1";"";"3.50";"82.59";"134092.72";"1259.58"
"8";"01117";"Shelby";"Alabama";"53";"3";"3.00";"2.90";"113.08";"164133.33";"1224.22"
"9";"02020";"Anchorage";"Alaska";"100";"9";"3.00";"5.60";"166.97";"250916.31";"1752.62"
"10";"02090";"Fairbanks North Star";"Alaska";"37";"3";"3.00";"6.00";"116.12";"197946.78";"1536.22"
"11";"04003";"Cochise";"Arizona";"84";"8";"1.00";"5.60";"78.80";"124720.31";"957.38"
"12";"04005";"Coconino";"Arizona";"75";"4";"4.00";"5.40";"142.06";"241994.64";"1815.00"
"13";"04013";"Maricopa";"Arizona";"1246";"73";"3.05";"4.10";"106.36";"178057.09";"1248.05"
"14";"04015";"Mohave";"Arizona";"70";"5";"2.25";"5.70";"94.92";"144750.96";"1058.40"
"15";"04019";"Pima";"Arizona";"386";"21";"2.00";"4.40";"99.49";"155807.28";"1102.65"
"16";"04021";"Pinal";"Arizona";"143";"6";"3.00";"4.90";"75.57";"142070.52";"979.52"
"17";"04025";"Yavapai";"Arizona";"107";"5";"3.00";"4.40";"117.07";"199438.70";"1176.41"
"18";"04027";"Yuma";"Arizona";"72";"2";"2.00";"16.90";"84.70";"117031.42";"981.89"
"19";"05007";"Benton";"Arkansas";"68";"6";"3.50";"2.80";"74.54";"121924.90";"1070.92"
"20";"05031";"Craighead";"Arkansas";"36";"6";"3.00";"3.00";"60.98";"94221.84";"997.17"
"21";"05045";"Faulkner";"Arkansas";"39";"2";"3.00";"3.20";"69.54";"108660.92";"953.28"
"22";"05051";"Garland";"Arkansas";"30";"6";"2.00";"4.10";"67.97";"115008.05";"908.04"
"23";"05119";"Pulaski";"Arkansas";"131";"21";"2.67";"3.40";"65.78";"104294.64";"917.08"
"24";"05125";"Saline";"Arkansas";"28";"2";"3.00";"3.10";"71.01";"116624.90";"1140.58"
"25";"05131";"Sebastian";"Arkansas";"40";"7";"2.50";"3.60";"59.49";"93884.67";"748.85"
"26";"05143";"Washington";"Arkansas";"64";"10";"3.00";"2.60";"77.94";"128081.23";"1160.06"
"27";"06001";"Alameda";"California";"400";"27";"2.50";"3.00";"315.80";"471302.68";"2783.41"
"28";"06007";"Butte";"California";"101";"7";"2.33";"4.90";"132.80";"197437.93";"1165.06"
"29";"06013";"Contra Costa";"California";"270";"12";"2.00";"3.10";"250.49";"398249.04";"2095.22"
"30";"06017";"El Dorado";"California";"69";"3";"3.00";"3.60";"176.65";"311345.59";"1802.85"
"31";"06019";"Fresno";"California";"350";"15";"2.00";"7.40";"109.09";"169162.45";"1154.82"
"32";"06029";"Kern";"California";"271";"15";"1.80";"8.00";"100.52";"148808.81";"1184.22"
"33";"06031";"Kings";"California";"67";"4";"2.50";"7.80";"100.21";"143448.28";"1207.29"
"34";"06033";"Lake";"California";"43";"2";"3.00";"5.10";"141.81";"177877.39";"1380.42"
"35";"06037";"Los Angeles";"California";"2277";"131";"2.78";"4.70";"261.37";"374740.61";"2510.55"
"36";"06041";"Marin";"California";"79";"4";"3.50";"2.30";"409.86";"707818.39";"4319.19"
"37";"06053";"Monterey";"California";"147";"4";"3.33";"6.40";"265.62";"391807.28";"2081.68"
"38";"06055";"Napa";"California";"46";"3";"";"3.00";"273.42";"419973.18";"2505.68"
"39";"06057";"Nevada";"California";"55";"2";"3.00";"3.50";"192.49";"326322.61";"1813.33"
"40";"06059";"Orange";"California";"615";"41";"2.75";"2.90";"289.26";"480765.90";"2682.93"
"41";"06061";"Placer";"California";"120";"4";"4.00";"3.20";"175.74";"330571.26";"1787.59"
"42";"06065";"Riverside";"California";"506";"24";"2.27";"4.30";"141.01";"252723.75";"1858.78"
"43";"06067";"Sacramento";"California";"380";"19";"3.00";"3.80";"150.07";"234401.92";"1351.72"
"44";"06071";"San Bernardino";"California";"556";"32";"2.58";"4.00";"141.44";"214208.05";"1450.10"
"45";"06073";"San Diego";"California";"763";"37";"3.33";"3.30";"239.07";"378364.75";"2312.34"
"46";"06075";"San Francisco";"California";"134";"18";"3.00";"2.40";"546.29";"691017.24";"3883.32"
"47";"06077";"San Joaquin";"California";"239";"10";"2.40";"5.90";"136.05";"226098.47";"1397.27"
"48";"06079";"San Luis Obispo";"California";"84";"6";"3.33";"2.90";"248.15";"409974.71";"1899.97"
"49";"06081";"San Mateo";"California";"179";"11";"3.25";"2.20";"468.82";"667807.28";"3434.50"
"50";"06083";"Santa Barbara";"California";"124";"9";"3.75";"3.90";"296.64";"442957.09";"3216.90"
"51";"06085";"Santa Clara";"California";"422";"17";"2.67";"2.60";"391.49";"617061.30";"2908.17"
"52";"06087";"Santa Cruz";"California";"81";"5";"3.00";"4.80";"352.21";"520674.71";"2655.75"
"53";"06089";"Shasta";"California";"102";"7";"4.00";"4.90";"123.98";"182344.44";"1205.64"
"54";"06095";"Solano";"California";"107";"7";"3.00";"3.90";"175.13";"281056.70";"1692.22"
"55";"06097";"Sonoma";"California";"191";"12";"3.25";"2.70";"265.44";"403252.49";"2014.20"
"56";"06099";"Stanislaus";"California";"190";"12";"2.00";"6.40";"128.59";"196717.24";"1185.38"
"57";"06101";"Sutter";"California";"43";"4";"";"7.40";"111.71";"187094.64";"1378.33"
"58";"06107";"Tulare";"California";"197";"7";"2.50";"9.50";"99.37";"143585.82";"1132.20"
"59";"06111";"Ventura";"California";"233";"13";"3.00";"3.80";"241.25";"409491.95";"2407.34"
"60";"06113";"Yolo";"California";"65";"2";"3.50";"4.20";"176.28";"290204.98";"1641.23"
"61";"08001";"Adams";"Colorado";"150";"7";"3.00";"3.30";"132.97";"183392.34";"1500.77"
"62";"08005";"Arapahoe";"Colorado";"159";"9";"3.50";"3.10";"139.62";"211384.29";"1540.75"
"63";"08013";"Boulder";"Colorado";"86";"6";"3.50";"2.80";"172.00";"305860.92";"1944.93"
"64";"08031";"Denver";"Colorado";"193";"17";"3.40";"3.00";"182.79";"219083.14";"1731.36"
"65";"08035";"Douglas";"Colorado";"90";"5";"3.33";"2.70";"145.56";"305284.67";"2055.20"
"66";"08041";"El Paso";"Colorado";"219";"12";"4.00";"3.70";"100.80";"186024.90";"1276.80"
"67";"08045";"Garfield";"Colorado";"26";"2";"3.50";"3.10";"176.45";"262722.22";"1369.81"
"68";"08059";"Jefferson";"Colorado";"168";"3";"3.00";"2.90";"154.54";"240281.99";"1580.90"
"69";"08069";"Larimer";"Colorado";"95";"8";"3.67";"2.70";"127.72";"219355.17";"1449.49"
"70";"08077";"Mesa";"Colorado";"54";"4";"3.50";"3.90";"112.51";"159969.73";"1060.24"
"71";"08101";"Pueblo";"Colorado";"60";"4";"4.00";"4.70";"89.35";"109615.33";"937.50"
"72";"08123";"Weld";"Colorado";"100";"1";"4.00";"2.90";"103.43";"173456.70";"1363.71"
"73";"09001";"Fairfield";"Connecticut";"278";"7";"2.40";"4.10";"209.58";"366894.64";"2468.07"
"74";"09003";"Hartford";"Connecticut";"374";"12";"2.60";"4.40";"129.32";"192883.91";"1484.36"
"75";"09005";"Litchfield";"Connecticut";"84";"3";"2.50";"3.90";"136.17";"216243.68";"1558.88"
"76";"09007";"Middlesex";"Connecticut";"72";"1";"3.00";"3.60";"144.47";"232803.07";"1506.89"
"77";"09009";"New Haven";"Connecticut";"281";"10";"2.67";"4.50";"138.21";"200913.03";"1488.46"
"78";"09011";"New London";"Connecticut";"114";"2";"3.50";"4.00";"134.17";"200529.12";"1409.73"
"79";"09013";"Tolland";"Connecticut";"56";"3";"3.33";"3.70";"129.65";"203650.19";"1424.84"
"80";"09015";"Windham";"Connecticut";"50";"2";"3.00";"4.60";"116.26";"165901.53";"1270.63"
"81";"10001";"Kent";"Delaware";"53";"2";"";"4.30";"95.00";"144619.16";"1237.51"
"82";"10003";"New Castle";"Delaware";"127";"10";"";"3.80";"124.38";"186363.60";"1284.52"
"83";"11001";"District of Columbia";"District of Columbia";"260";"15";"1.80";"5.60";"326.63";"351876.68";"2436.20"
"84";"12001";"Alachua";"Florida";"76";"6";"3.00";"3.20";"88.85";"134264.75";"1009.35"
"85";"12005";"Bay";"Florida";"51";"5";"3.00";"3.90";"103.51";"153280.08";"1105.80"
"86";"12009";"Brevard";"Florida";"131";"11";"3.29";"3.50";"85.61";"133307.66";"1135.79"
"87";"12011";"Broward";"Florida";"386";"28";"2.67";"3.30";"116.01";"161854.02";"1670.37"
"88";"12015";"Charlotte";"Florida";"26";"4";"2.33";"3.90";"88.32";"145900.00";"1843.54"
"89";"12017";"Citrus";"Florida";"25";"2";"2.00";"5.10";"70.52";"112860.38";"1167.92"
"90";"12019";"Clay";"Florida";"48";"3";"3.00";"3.20";"82.09";"145958.62";"1203.20"
"91";"12021";"Collier";"Florida";"72";"6";"3.00";"3.50";"157.71";"249211.11";"3128.13"
"92";"12031";"Duval";"Florida";"217";"15";"3.00";"3.50";"78.87";"123712.26";"1071.68"
"93";"12033";"Escambia";"Florida";"76";"9";"3.20";"3.60";"70.02";"110838.70";"894.44"
"94";"12035";"Flagler";"Florida";"17";"1";"3.00";"4.00";"85.51";"160614.34";"1240.17"
"95";"12053";"Hernando";"Florida";"36";"5";"2.50";"4.40";"69.04";"116285.44";"994.68"
"96";"12057";"Hillsborough";"Florida";"328";"21";"2.73";"3.30";"87.55";"138548.66";"1261.01"
"97";"12069";"Lake";"Florida";"62";"6";"2.33";"3.40";"86.90";"146669.73";"1223.80"
"98";"12071";"Lee";"Florida";"130";"7";"2.00";"3.40";"104.79";"162860.54";"1670.00"
"99";"12073";"Leon";"Florida";"66";"5";"2.50";"3.30";"96.33";"142191.95";"946.06"
"100";"12081";"Manatee";"Florida";"81";"5";"2.33";"3.30";"107.98";"178016.86";"1829.92"
"101";"12083";"Marion";"Florida";"68";"7";"2.00";"4.20";"68.31";"107496.55";"904.89"
"102";"12085";"Martin";"Florida";"37";"5";"";"3.50";"114.58";"186106.13";"1566.13"
"103";"12086";"Miami-Dade";"Florida";"557";"38";"2.70";"3.80";"132.83";"189668.97";"2006.05"
"104";"12087";"Monroe";"Florida";"26";"4";"2.67";"2.90";"310.09";"406365.13";"3433.33"
"105";"12089";"Nassau";"Florida";"21";"1";"3.00";"3.20";"103.90";"190173.95";"1334.37"
"106";"12091";"Okaloosa";"Florida";"53";"6";"3.33";"2.80";"96.80";"158882.76";"1096.57"
"107";"12095";"Orange";"Florida";"266";"18";"3.00";"3.10";"95.07";"155778.54";"1271.94"
"108";"12097";"Osceola";"Florida";"74";"6";"2.00";"3.60";"87.21";"144669.35";"1329.59"
"109";"12099";"Palm Beach";"Florida";"287";"20";"2.53";"3.50";"116.20";"181075.10";"1742.02"
"110";"12101";"Pasco";"Florida";"115";"10";"2.83";"3.80";"79.33";"125698.08";"1162.41"
"111";"12103";"Pinellas";"Florida";"182";"18";"2.80";"3.20";"102.61";"135356.32";"1310.33"
"112";"12105";"Polk";"Florida";"170";"6";"2.20";"4.00";"76.62";"119350.96";"1211.26"
"113";"12109";"Saint Johns";"Florida";"58";"1";"3.00";"2.80";"114.85";"223113.03";"1655.24"
"114";"12111";"Saint Lucie";"Florida";"53";"6";"2.00";"4.40";"80.64";"135500.38";"1282.52"
"115";"12113";"Santa Rosa";"Florida";"40";"5";"3.33";"3.30";"82.87";"148526.05";"1148.13"
"116";"12115";"Sarasota";"Florida";"65";"7";"4.00";"3.30";"117.55";"179158.62";"1998.13"
"117";"12117";"Seminole";"Florida";"76";"5";"2.00";"3.10";"98.34";"166037.55";"1199.86"
"118";"12127";"Volusia";"Florida";"94";"9";"2.80";"3.70";"85.77";"132897.32";"1141.72"
"119";"12131";"Walton";"Florida";"23";"2";"4.00";"3.00";"147.93";"267611.11";"1811.78"
"120";"13013";"Barrow";"Georgia";"16";"1";"";"3.20";"72.37";"119045.98";"1050.30"
"121";"13015";"Bartow";"Georgia";"24";"1";"4.00";"3.70";"70.06";"109462.92";"1071.00"
"122";"13021";"Bibb";"Georgia";"49";"8";"3.50";"4.40";"59.59";"95090.04";"797.20"
"123";"13031";"Bulloch";"Georgia";"16";"2";"2.00";"4.10";"66.00";"120081.99";"934.18"
"124";"13039";"Camden";"Georgia";"12";"1";"";"4.20";"79.27";"131364.75";"976.17"
"125";"13045";"Carroll";"Georgia";"29";"3";"3.00";"3.90";"61.63";"99524.14";"879.30"
"126";"13051";"Chatham";"Georgia";"56";"9";"2.33";"3.70";"82.82";"130506.51";"1203.22"
"127";"13057";"Cherokee";"Georgia";"39";"1";"";"3.00";"88.59";"163307.66";"1304.67"
"128";"13059";"Clarke";"Georgia";"21";"3";"";"3.80";"73.54";"118217.24";"987.13"
"129";"13067";"Cobb";"Georgia";"126";"6";"2.50";"3.30";"89.75";"172179.69";"1261.97"
"130";"13077";"Coweta";"Georgia";"31";"3";"3.00";"3.30";"80.64";"138425.29";"1280.34"
"131";"13089";"Dekalb";"Georgia";"158";"15";"3.00";"3.90";"78.30";"137963.98";"1036.02"
"132";"13095";"Dougherty";"Georgia";"25";"2";"1.00";"5.00";"50.66";"82326.44";"590.21"
"133";"13097";"Douglas";"Georgia";"35";"2";"3.00";"4.00";"71.86";"120532.18";"1083.62"
"134";"13113";"Fayette";"Georgia";"24";"1";"2.00";"3.40";"95.11";"210944.06";"1487.19"
"135";"13115";"Floyd";"Georgia";"30";"5";"3.33";"4.20";"66.49";"103913.79";"736.88"
"136";"13117";"Forsyth";"Georgia";"36";"1";"3.00";"3.10";"95.24";"230164.37";"1589.85"
"137";"13121";"Fulton";"Georgia";"206";"19";"2.60";"3.90";"105.06";"183952.11";"1298.90"
"138";"13135";"Gwinnett";"Georgia";"140";"6";"3.00";"3.40";"80.70";"160402.30";"1264.65"
"139";"13139";"Hall";"Georgia";"42";"2";"3.00";"3.10";"85.58";"137629.89";"1194.24"
"140";"13151";"Henry";"Georgia";"51";"2";"2.00";"4.10";"70.24";"133515.33";"1124.21"
"141";"13153";"Houston";"Georgia";"41";"2";"3.50";"4.00";"63.16";"102190.04";"997.45"
"142";"13179";"Liberty";"Georgia";"16";"2";"3.00";"4.30";"67.21";"102873.18";"989.03"
"143";"13185";"Lowndes";"Georgia";"20";"3";"3.00";"4.00";"69.06";"117031.03";"850.93"
"144";"13215";"Muscogee";"Georgia";"59";"7";"3.33";"5.00";"60.23";"94867.42";"874.08"
"145";"13217";"Newton";"Georgia";"24";"1";"2.00";"4.30";"66.41";"109145.59";"986.78"
"146";"13247";"Rockdale";"Georgia";"19";"1";"";"4.30";"65.85";"126417.24";"985.34"
"147";"13255";"Spalding";"Georgia";"18";"1";"3.00";"4.60";"59.95";"88295.02";"816.58"
"148";"13297";"Walton";"Georgia";"19";"2";"2.00";"3.50";"72.08";"123965.90";"1050.92"
"149";"15001";"Hawaii";"Hawaii";"56";"6";"3.00";"2.80";"193.00";"252238.70";"1566.40"
"150";"15003";"Honolulu";"Hawaii";"183";"17";"3.00";"2.10";"338.28";"430432.57";"2198.92"
"151";"15009";"Maui";"Hawaii";"33";"4";"3.00";"2.30";"326.98";"420318.77";"2600.10"
"152";"16001";"Ada";"Idaho";"131";"11";"3.00";"2.40";"100.51";"164504.60";"1101.99"
"153";"16005";"Bannock";"Idaho";"35";"2";"3.00";"2.60";"103.84";"125647.51";"778.78"
"154";"16019";"Bonneville";"Idaho";"52";"2";"3.50";"2.40";"67.65";"113735.25";"916.74"
"155";"16027";"Canyon";"Idaho";"78";"2";"4.00";"3.00";"78.11";"117780.46";"867.84"
"156";"16055";"Kootenai";"Idaho";"47";"4";"";"3.40";"129.30";"223837.16";"1348.91"
"157";"17019";"Champaign";"Illinois";"62";"3";"3.00";"4.10";"79.63";"118083.67";"944.72"
"158";"17031";"Cook";"Illinois";"1326";"73";"2.70";"4.20";"149.98";"190693.87";"1630.32"
"159";"17043";"Du Page";"Illinois";"258";"8";"3.50";"3.30";"150.89";"244330.27";"1606.94"
"160";"17063";"Grundy";"Illinois";"25";"1";"4.00";"4.90";"111.06";"172439.75";"1288.17"
"161";"17089";"Kane";"Illinois";"145";"5";"3.33";"4.60";"110.50";"196850.00";"1496.51"
"162";"17097";"Lake";"Illinois";"207";"8";"4.00";"4.20";"131.54";"223118.01";"1561.02"
"163";"17111";"McHenry";"Illinois";"84";"3";"4.33";"3.70";"114.07";"191409.20";"1425.85"
"164";"17113";"McLean";"Illinois";"57";"2";"3.17";"3.80";"86.63";"129790.42";"951.48"
"165";"17115";"Macon";"Illinois";"45";"2";"2.50";"5.20";"68.25";"74524.90";"735.83"
"166";"17119";"Madison";"Illinois";"80";"7";"3.17";"4.20";"70.72";"95895.40";"855.21"
"167";"17143";"Peoria";"Illinois";"77";"4";"3.20";"5.30";"74.14";"93243.03";"845.21"
"168";"17161";"Rock Island";"Illinois";"57";"3";"2.00";"4.80";"71.90";"84929.50";"838.91"
"169";"17163";"Saint Clair";"Illinois";"95";"4";"3.18";"4.70";"77.58";"89953.64";"956.05"
"170";"17179";"Tazewell";"Illinois";"56";"2";"3.00";"4.60";"77.66";"105014.18";"905.08"
"171";"17197";"Will";"Illinois";"198";"4";"3.00";"4.30";"104.82";"179311.88";"1550.11"
"172";"17201";"Winnebago";"Illinois";"92";"4";"3.33";"5.40";"67.18";"101402.39";"868.90"
"173";"18003";"Allen";"Indiana";"89";"12";"3.00";"3.20";"66.50";"99155.94";"666.12"
"174";"18011";"Boone";"Indiana";"17";"1";"4.00";"2.70";"88.82";"162746.74";"1459.46"
"175";"18039";"Elkhart";"Indiana";"56";"3";"4.00";"2.60";"78.40";"111837.16";"824.25"
"176";"18057";"Hamilton";"Indiana";"67";"6";"4.20";"2.70";"89.62";"199242.57";"1403.55"
"177";"18059";"Hancock";"Indiana";"22";"1";"3.00";"3.00";"78.24";"137171.65";"1242.58"
"178";"18063";"Hendricks";"Indiana";"42";"2";"4.00";"2.90";"81.94";"142636.78";"1227.86"
"179";"18067";"Howard";"Indiana";"26";"3";"3.00";"3.90";"60.75";"80366.29";"696.04"
"180";"18081";"Johnson";"Indiana";"38";"3";"3.50";"2.90";"75.22";"125693.49";"1151.15"
"181";"18089";"Lake";"Indiana";"134";"15";"3.75";"5.00";"85.15";"126099.35";"890.34"
"182";"18095";"Madison";"Indiana";"30";"5";"4.00";"3.80";"57.60";"78514.18";"702.81"
"183";"18097";"Marion";"Indiana";"242";"23";"2.86";"3.50";"73.43";"110059.64";"853.77"
"184";"18105";"Monroe";"Indiana";"30";"3";"4.00";"3.80";"89.43";"131267.05";"1100.09"
"185";"18127";"Porter";"Indiana";"53";"3";"4.00";"3.90";"91.78";"153909.96";"1199.04"
"186";"18157";"Tippecanoe";"Indiana";"37";"7";"3.00";"3.20";"76.81";"119962.84";"1021.09"
"187";"18163";"Vanderburgh";"Indiana";"39";"6";"3.00";"3.20";"71.40";"93578.93";"659.50"
"188";"18167";"Vigo";"Indiana";"29";"4";"3.50";"4.40";"54.75";"74185.06";"697.92"
"189";"19013";"Black Hawk";"Iowa";"36";"3";"3.00";"2.90";"85.65";"96616.86";"835.99"
"190";"19049";"Dallas";"Iowa";"31";"1";"";"1.70";"103.53";"184800.00";"1374.17"
"191";"19061";"Dubuque";"Iowa";"27";"3";"4.00";"2.50";"75.08";"139865.17";"916.63"
"192";"19103";"Johnson";"Iowa";"35";"4";"3.80";"1.90";"120.89";"161692.83";"1230.78"
"193";"19113";"Linn";"Iowa";"75";"2";"2.25";"2.80";"105.15";"119816.48";"980.00"
"194";"19153";"Polk";"Iowa";"131";"9";"3.25";"2.50";"101.07";"131733.33";"1064.22"
"195";"19163";"Scott";"Iowa";"57";"4";"3.50";"3.00";"94.60";"119114.56";"1043.50"
"196";"19169";"Story";"Iowa";"28";"4";"3.00";"1.60";"111.80";"150882.02";"1091.46"
"197";"20045";"Douglas";"Kansas";"30";"1";"3.00";"3.00";"102.41";"152852.11";"1118.96"
"198";"20061";"Geary";"Kansas";"16";"2";"3.00";"4.90";"97.53";"131408.85";"1088.05"
"199";"20091";"Johnson";"Kansas";"156";"17";"3.80";"2.80";"112.02";"198116.83";"1508.43"
"200";"20155";"Reno";"Kansas";"32";"2";"2.00";"3.60";"63.45";"77160.18";"695.63"
"201";"20161";"Riley";"Kansas";"18";"2";"";"2.80";"116.61";"159723.89";"1202.27"
"202";"20169";"Saline";"Kansas";"16";"2";"3.00";"3.00";"87.23";"105253.10";"731.73"
"203";"20173";"Sedgwick";"Kansas";"157";"13";"4.50";"3.80";"76.52";"103887.36";"878.28"
"204";"20177";"Shawnee";"Kansas";"56";"5";"3.00";"3.50";"79.06";"105037.17";"785.50"
"205";"20209";"Wyandotte";"Kansas";"61";"4";"3.33";"4.70";"62.23";"70669.73";"821.89"
"206";"21015";"Boone";"Kentucky";"28";"2";"";"3.30";"94.81";"157326.05";"1320.79"
"207";"21047";"Christian";"Kentucky";"27";"3";"2.00";"5.20";"65.90";"92529.50";"790.11"
"208";"21067";"Fayette";"Kentucky";"78";"11";"3.00";"3.30";"83.00";"132121.07";"1079.48"
"209";"21093";"Hardin";"Kentucky";"41";"3";"4.00";"4.10";"72.29";"113733.47";"954.12"
"210";"21111";"Jefferson";"Kentucky";"177";"17";"1.00";"4.10";"91.24";"120214.18";"905.51"
"211";"21117";"Kenton";"Kentucky";"47";"4";"";"3.40";"88.01";"118132.18";"1118.46"
"212";"21209";"Scott";"Kentucky";"15";"1";"3.00";"3.30";"87.82";"145013.03";"1254.58"
"213";"21227";"Warren";"Kentucky";"43";"4";"3.50";"3.60";"71.44";"121464.75";"1000.54"
"214";"22005";"Ascension";"Louisiana";"28";"6";"";"4.10";"100.62";"155662.23";"1558.33"
"215";"22015";"Bossier";"Louisiana";"32";"5";"";"4.30";"98.51";"159512.36";"1295.52"
"216";"22017";"Caddo";"Louisiana";"72";"14";"2.00";"5.40";"66.86";"95864.08";"852.91"
"217";"22033";"East Baton Rouge";"Louisiana";"128";"23";"2.50";"4.30";"88.61";"123388.09";"1153.68"
"218";"22061";"Lincoln";"Louisiana";"17";"5";"2.00";"5.20";"53.82";"130574.48";"1025.00"
"219";"22071";"Orleans";"Louisiana";"91";"15";"2.33";"4.90";"130.88";"149777.53";"1560.00"
"220";"22079";"Rapides";"Louisiana";"55";"13";"3.50";"5.20";"72.62";"89681.61";"834.17"
"221";"22103";"Saint Tammany";"Louisiana";"56";"15";"3.33";"4.10";"102.38";"167087.50";"1304.71"
"222";"22105";"Tangipahoa";"Louisiana";"34";"10";"";"5.30";"88.98";"139841.00";"1177.08"
"223";"23005";"Cumberland";"Maine";"98";"8";"3.43";"2.50";"140.14";"199767.43";"1885.00"
"224";"24003";"Anne Arundel";"Maryland";"123";"2";"";"3.50";"176.02";"263459.77";"1825.43"
"225";"24005";"Baltimore";"Maryland";"174";"7";"";"4.20";"135.56";"191647.51";"1556.12"
"226";"24009";"Calvert";"Maryland";"26";"1";"";"3.70";"140.14";"265404.60";"1675.50"
"227";"24013";"Carroll";"Maryland";"47";"2";"";"3.40";"150.69";"253365.52";"1637.84"
"228";"24015";"Cecil";"Maryland";"29";"2";"";"4.60";"122.63";"186104.60";"1331.08"
"229";"24017";"Charles";"Maryland";"38";"1";"";"4.10";"130.74";"239665.52";"1739.91"
"230";"24021";"Frederick";"Maryland";"67";"1";"";"3.60";"131.23";"245143.68";"1602.55"
"231";"24025";"Harford";"Maryland";"54";"2";"";"3.80";"133.60";"220396.93";"1514.42"
"232";"24027";"Howard";"Maryland";"76";"3";"";"3.20";"176.37";"344314.56";"2001.86"
"233";"24031";"Montgomery";"Maryland";"208";"8";"1.50";"3.30";"214.12";"347851.72";"2011.22"
"234";"24033";"Prince Georges";"Maryland";"211";"7";"";"4.30";"142.11";"212883.14";"1753.68"
"235";"24037";"Saint Marys";"Maryland";"27";"1";"";"4.00";"134.57";"227955.94";"1486.65"
"236";"24043";"Washington";"Maryland";"46";"3";"";"4.50";"107.04";"157805.36";"1112.88"
"237";"24045";"Wicomico";"Maryland";"25";"3";"";"5.50";"87.57";"117737.16";"1176.62"
"238";"24510";"Baltimore City";"Maryland";"190";"18";"2.25";"5.90";"83.30";"91968.58";"1285.80"
"239";"25001";"Barnstable";"Massachusetts";"55";"4";"3.50";"4.40";"209.82";"306211.88";"1857.80"
"240";"25005";"Bristol";"Massachusetts";"148";"10";"3.50";"4.40";"157.52";"233100.38";"1331.44"
"241";"25009";"Essex";"Massachusetts";"232";"16";"2.50";"3.50";"183.70";"301534.48";"1654.25"
"242";"25013";"Hampden";"Massachusetts";"161";"10";"3.00";"4.70";"117.27";"158308.81";"1328.90"
"243";"25015";"Hampshire";"Massachusetts";"50";"4";"4.00";"3.10";"138.06";"207024.52";"1737.71"
"244";"25017";"Middlesex";"Massachusetts";"384";"24";"3.17";"2.80";"215.31";"349330.27";"2267.59"
"245";"25021";"Norfolk";"Massachusetts";"193";"14";"2.75";"3.10";"210.39";"334959.00";"2336.51"
"246";"25023";"Plymouth";"Massachusetts";"139";"8";"2.75";"3.60";"173.54";"275750.19";"1596.37"
"247";"25025";"Suffolk";"Massachusetts";"173";"24";"3.50";"3.10";"271.36";"310737.55";"2492.89"
"248";"25027";"Worcester";"Massachusetts";"256";"15";"3.00";"3.60";"139.17";"212152.49";"1368.30"
"249";"26049";"Genesee";"Michigan";"149";"4";"1.67";"5.10";"43.70";"92921.88";"697.16"
"250";"26065";"Ingham";"Michigan";"102";"6";"2.50";"3.80";"85.85";"114438.25";"764.52"
"251";"26077";"Kalamazoo";"Michigan";"86";"2";"3.00";"3.60";"82.13";"126205.59";"1208.13"
"252";"26081";"Kent";"Michigan";"234";"8";"3.67";"3.10";"75.71";"129010.73";"1043.38"
"253";"26093";"Livingston";"Michigan";"46";"2";"4.00";"3.30";"115.73";"196293.10";"1328.13"
"254";"26099";"Macomb";"Michigan";"243";"7";"2.00";"4.00";"97.25";"136660.15";"939.53"
"255";"26121";"Muskegon";"Michigan";"73";"3";"4.00";"4.80";"69.61";"88624.52";"755.55"
"256";"26125";"Oakland";"Michigan";"360";"17";"2.80";"3.30";"111.72";"179289.27";"1318.25"
"257";"26139";"Ottawa";"Michigan";"93";"3";"4.50";"2.90";"92.54";"149332.95";"1172.98"
"258";"26163";"Wayne";"Michigan";"590";"28";"1.78";"5.20";"73.77";"80080.38";"832.91"
"259";"27003";"Anoka";"Minnesota";"112";"2";"3.75";"2.80";"144.79";"175778.93";"1378.27"
"260";"27019";"Carver";"Minnesota";"39";"1";"4.00";"2.50";"148.00";"234788.89";"1702.08"
"261";"27037";"Dakota";"Minnesota";"135";"3";"4.00";"2.50";"176.40";"204452.49";"1382.35"
"262";"27053";"Hennepin";"Minnesota";"475";"12";"3.75";"2.50";"158.70";"196116.86";"1505.69"
"263";"27109";"Olmsted";"Minnesota";"66";"3";"3.00";"2.40";"123.13";"155167.43";"1140.21"
"264";"27123";"Ramsey";"Minnesota";"252";"6";"3.40";"2.70";"128.43";"170966.28";"1307.26"
"265";"27137";"Saint Louis";"Minnesota";"89";"8";"3.50";"3.70";"129.06";"117277.53";"1271.25"
"266";"27139";"Scott";"Minnesota";"58";"2";"";"2.50";"155.43";"221823.37";"1507.89"
"267";"27163";"Washington";"Minnesota";"94";"2";"4.00";"2.50";"111.75";"215673.56";"1425.69"
"268";"27171";"Wright";"Minnesota";"62";"2";"4.00";"3.00";"152.82";"177494.25";"1294.01"
"269";"28033";"DeSoto";"Mississippi";"41";"3";"";"3.60";"82.52";"131164.62";"1254.51"
"270";"28035";"Forrest";"Mississippi";"21";"2";"2.00";"4.30";"62.86";"95951.34";"903.75"
"271";"28045";"Hancock";"Mississippi";"11";"1";"3.00";"4.80";"83.70";"125947.87";"935.63"
"272";"28059";"Jackson";"Mississippi";"46";"2";"2.00";"5.40";"72.86";"112491.49";"1003.96"
"273";"28089";"Madison";"Mississippi";"31";"2";"3.00";"3.60";"99.56";"181784.00";"1649.42"
"274";"29019";"Boone";"Missouri";"52";"6";"3.00";"2.40";"76.93";"129419.92";"1031.52"
"275";"29029";"Camden";"Missouri";"16";"2";"3.00";"4.40";"94.44";"165319.15";"903.08"
"276";"29047";"Clay";"Missouri";"74";"6";"3.50";"3.00";"95.84";"136902.45";"1058.41"
"277";"29077";"Greene";"Missouri";"92";"9";"3.00";"2.60";"72.12";"108611.49";"688.04"
"278";"29095";"Jackson";"Missouri";"232";"19";"3.33";"3.80";"75.62";"104930.10";"850.06"
"279";"29183";"Saint Charles";"Missouri";"82";"7";"";"2.60";"106.86";"170553.26";"1287.97"
"280";"29189";"Saint Louis";"Missouri";"269";"22";"2.75";"3.10";"106.88";"145947.13";"962.54"
"281";"29510";"Saint Louis City";"Missouri";"113";"15";"";"3.90";"84.40";"95774.33";"991.39"
"282";"30013";"Cascade";"Montana";"43";"3";"";"3.70";"111.57";"129752.08";"1114.58"
"283";"30111";"Yellowstone";"Montana";"59";"3";"";"3.40";"124.45";"155320.42";"989.31"
"284";"31109";"Lancaster";"Nebraska";"87";"8";"4.33";"2.60";"102.65";"124354.02";"1126.75"
"285";"31153";"Sarpy";"Nebraska";"64";"3";"3.00";"2.60";"76.72";"140885.82";"1262.88"
"286";"32003";"Clark";"Nevada";"396";"43";"2.20";"4.80";"108.66";"180542.53";"1195.44"
"287";"32031";"Washoe";"Nevada";"120";"14";"2.75";"3.70";"132.83";"221953.26";"1330.05"
"288";"33009";"Grafton";"New Hampshire";"51";"5";"3.25";"2.10";"104.62";"151873.18";"1762.50"
"289";"33011";"Hillsborough";"New Hampshire";"115";"11";"3.11";"2.70";"127.35";"201978.54";"1432.49"
"290";"33015";"Rockingham";"New Hampshire";"94";"6";"3.00";"2.80";"136.02";"234257.47";"1647.91"
"291";"33017";"Strafford";"New Hampshire";"37";"2";"4.00";"2.30";"116.21";"178459.39";"1394.58"
"292";"34001";"Atlantic";"New Jersey";"83";"9";"4.00";"5.90";"114.54";"181467.43";"1616.62"
"293";"34003";"Bergen";"New Jersey";"283";"10";"2.83";"3.50";"220.75";"373132.18";"2134.02"
"294";"34005";"Burlington";"New Jersey";"145";"9";"3.00";"3.80";"117.36";"195624.14";"1550.46"
"295";"34007";"Camden";"New Jersey";"172";"11";"4.00";"4.60";"97.10";"148403.07";"1388.39"
"296";"34011";"Cumberland";"New Jersey";"57";"4";"2.00";"6.50";"87.90";"121950.19";"1206.59"
"297";"34013";"Essex";"New Jersey";"257";"14";"2.00";"5.20";"170.56";"286636.78";"1578.30"
"298";"34015";"Gloucester";"New Jersey";"86";"3";"3.00";"4.20";"103.10";"174114.18";"1481.56"
"299";"34017";"Hudson";"New Jersey";"128";"8";"1.80";"3.90";"203.17";"274449.43";"2056.54"
"300";"34019";"Hunterdon";"New Jersey";"56";"1";"3.00";"3.30";"164.50";"335381.99";"1842.35"
"301";"34021";"Mercer";"New Jersey";"104";"12";"2.75";"3.70";"137.93";"204894.25";"1729.70"
"302";"34023";"Middlesex";"New Jersey";"203";"13";"2.50";"3.70";"166.53";"256868.58";"1803.00"
"303";"34025";"Monmouth";"New Jersey";"190";"8";"3.25";"3.70";"173.93";"321504.60";"2074.49"
"304";"34027";"Morris";"New Jersey";"156";"10";"";"3.30";"194.41";"365167.43";"2240.11"
"305";"34029";"Ocean";"New Jersey";"117";"9";"3.00";"4.40";"140.60";"232932.18";"1519.14"
"306";"34031";"Passaic";"New Jersey";"150";"6";"";"5.10";"169.22";"271939.46";"1618.59"
"307";"34033";"Salem";"New Jersey";"33";"2";"3.00";"5.40";"90.04";"136048.66";"1071.67"
"308";"34035";"Somerset";"New Jersey";"76";"5";"2.00";"3.50";"180.89";"330569.35";"2006.41"
"309";"34037";"Sussex";"New Jersey";"47";"2";"";"4.00";"138.94";"216431.42";"1459.97"
"310";"34039";"Union";"New Jersey";"173";"10";"2.33";"4.40";"187.60";"277143.68";"1852.99"
"311";"34041";"Warren";"New Jersey";"47";"3";"";"3.80";"127.06";"211141.00";"1462.26"
"312";"35001";"Bernalillo";"New Mexico";"202";"17";"3.33";"4.40";"97.66";"156812.26";"1164.03"
"313";"35013";"Dona Ana";"New Mexico";"76";"6";"2.71";"5.70";"80.06";"127921.84";"986.72"
"314";"35045";"San Juan";"New Mexico";"62";"3";"2.00";"5.30";"120.79";"184402.30";"1157.46"
"315";"35049";"Santa Fe";"New Mexico";"54";"3";"2.00";"4.10";"157.10";"250131.42";"1556.89"
"316";"36001";"Albany";"New York";"74";"7";"2.00";"3.80";"114.78";"165450.19";"1437.27"
"317";"36015";"Chemung";"New York";"26";"3";"3.25";"4.90";"55.73";"73655.56";"949.79"
"318";"36027";"Dutchess";"New York";"77";"4";"2.50";"3.80";"149.79";"231071.65";"1688.11"
"319";"36029";"Erie";"New York";"218";"16";"3.13";"4.50";"77.91";"109717.24";"1194.32"
"320";"36045";"Jefferson";"New York";"39";"3";"2.00";"5.80";"65.28";"97902.68";"1245.91"
"321";"36055";"Monroe";"New York";"184";"8";"2.75";"4.40";"79.60";"114760.54";"1198.14"
"322";"36059";"Nassau";"New York";"315";"13";"2.00";"3.70";"246.38";"380867.82";"2715.09"
"323";"36061";"New York";"New York";"377";"29";"2.63";"3.60";"878.69";"833242.86";"3319.34"
"324";"36063";"Niagara";"New York";"52";"5";"2.00";"5.40";"68.02";"93033.33";"906.73"
"325";"36067";"Onondaga";"New York";"124";"7";"2.50";"4.20";"75.56";"105786.21";"1236.28"
"326";"36071";"Orange";"New York";"85";"7";"3.00";"4.10";"135.73";"208713.79";"1598.67"
"327";"36079";"Putnam";"New York";"21";"1";"3.00";"3.80";"190.55";"293376.25";"1913.84"
"328";"36081";"Queens";"New York";"368";"12";"1.20";"3.50";"280.18";"354133.72";"1946.39"
"329";"36085";"Richmond";"New York";"80";"6";"";"4.10";"220.44";"337847.89";"2051.78"
"330";"36087";"Rockland";"New York";"67";"4";"2.00";"3.90";"206.96";"348971.65";"2090.14"
"331";"36091";"Saratoga";"New York";"51";"3";"3.00";"3.60";"116.93";"191499.62";"1802.03"
"332";"36093";"Schenectady";"New York";"42";"4";"2.00";"4.20";"91.93";"130215.33";"1420.42"
"333";"36103";"Suffolk";"New York";"350";"14";"2.00";"4.00";"264.50";"332647.88";"29750.00"
"334";"36105";"Sullivan";"New York";"19";"2";"2.00";"4.20";"85.63";"121092.72";"1201.83"
"335";"36119";"Westchester";"New York";"254";"18";"2.17";"4.10";"276.83";"470585.44";"3443.86"
"336";"37019";"Brunswick";"North Carolina";"21";"3";"3.00";"5.20";"115.68";"187747.89";"1135.99"
"337";"37021";"Buncombe";"North Carolina";"56";"4";"";"3.00";"117.62";"173332.95";"1221.47"
"338";"37025";"Cabarrus";"North Carolina";"48";"2";"3.00";"3.50";"82.54";"134581.99";"1192.95"
"339";"37037";"Chatham";"North Carolina";"20";"1";"";"3.30";"116.53";"213933.47";"1889.58"
"340";"37049";"Craven";"North Carolina";"25";"2";"";"4.20";"88.69";"126619.16";"988.51"
"341";"37051";"Cumberland";"North Carolina";"97";"4";"3.00";"5.10";"70.33";"103108.81";"900.39"
"342";"37057";"Davidson";"North Carolina";"46";"2";"2.00";"3.70";"72.56";"106871.91";"997.08"
"343";"37063";"Durham";"North Carolina";"67";"6";"3.50";"3.50";"92.30";"149488.12";"1192.39"
"344";"37067";"Forsyth";"North Carolina";"86";"6";"3.00";"3.80";"73.97";"121777.39";"924.93"
"345";"37071";"Gaston";"North Carolina";"58";"2";"4.00";"3.80";"70.71";"99761.69";"1034.63"
"346";"37081";"Guilford";"North Carolina";"133";"7";"";"4.10";"78.53";"116616.86";"934.89"
"347";"37085";"Harnett";"North Carolina";"30";"2";"";"4.60";"77.73";"151710.11";"1231.93"
"348";"37089";"Henderson";"North Carolina";"25";"2";"";"3.30";"98.91";"161870.52";"1232.81"
"349";"37093";"Hoke";"North Carolina";"14";"2";"";"5.00";"76.94";"128805.86";"1080.81"
"350";"37097";"Iredell";"North Carolina";"48";"3";"2.50";"3.50";"83.59";"123310.76";"1273.63"
"351";"37101";"Johnston";"North Carolina";"45";"1";"";"3.60";"83.57";"133642.91";"1217.62"
"352";"37105";"Lee";"North Carolina";"16";"1";"2.00";"4.30";"68.55";"105507.28";"1079.00"
"353";"37119";"Mecklenburg";"North Carolina";"192";"13";"3.50";"3.70";"86.65";"152306.90";"1171.04"
"354";"37125";"Moore";"North Carolina";"25";"1";"";"3.90";"96.53";"159233.33";"1394.17"
"355";"37127";"Nash";"North Carolina";"26";"2";"2.00";"5.20";"70.17";"115583.91";"726.67"
"356";"37129";"New Hanover";"North Carolina";"46";"2";"3.00";"3.80";"107.82";"167503.45";"1119.60"
"357";"37133";"Onslow";"North Carolina";"36";"3";"3.00";"4.50";"79.91";"118694.64";"906.78"
"358";"37135";"Orange";"North Carolina";"35";"1";"";"3.30";"122.49";"217372.41";"1362.22"
"359";"37147";"Pitt";"North Carolina";"36";"1";"2.00";"4.30";"70.28";"112996.63";"911.29"
"360";"37159";"Rowan";"North Carolina";"36";"2";"3.00";"3.90";"76.60";"118578.54";"829.34"
"361";"37179";"Union";"North Carolina";"53";"1";"2.00";"3.40";"89.85";"164442.53";"1407.60"
"362";"37183";"Wake";"North Carolina";"197";"8";"3.50";"3.30";"101.82";"189145.21";"1313.46"
"363";"37191";"Wayne";"North Carolina";"33";"1";"2.67";"4.40";"52.93";"77558.62";"860.67"
"364";"38017";"Cass";"North Dakota";"53";"8";"3.25";"2.30";"133.07";"184786.52";"1374.62"
"365";"39017";"Butler";"Ohio";"84";"8";"3.67";"4.10";"84.08";"135281.61";"1062.64"
"366";"39035";"Cuyahoga";"Ohio";"381";"29";"3.86";"5.20";"79.77";"112496.93";"1025.20"
"367";"39041";"Delaware";"Ohio";"55";"3";"2.67";"3.30";"107.85";"224737.55";"1914.38"
"368";"39045";"Fairfield";"Ohio";"47";"2";"2.00";"4.00";"88.08";"143122.99";"1439.17"
"369";"39049";"Franklin";"Ohio";"381";"24";"2.63";"3.70";"85.92";"124913.79";"1150.19"
"370";"39057";"Greene";"Ohio";"37";"3";"3.00";"4.00";"88.34";"142946.11";"1160.79"
"371";"39061";"Hamilton";"Ohio";"209";"24";"3.08";"4.10";"83.34";"118553.64";"978.74"
"372";"39085";"Lake";"Ohio";"58";"3";"";"4.70";"91.06";"134158.62";"1092.89"
"373";"39089";"Licking";"Ohio";"56";"4";"3.00";"3.90";"117.26";"184389.36";"1320.04"
"374";"39093";"Lorain";"Ohio";"94";"8";"4.25";"5.40";"80.21";"121642.91";"768.71"
"375";"39095";"Lucas";"Ohio";"147";"14";"3.38";"5.20";"68.06";"89199.62";"732.89"
"376";"39099";"Mahoning";"Ohio";"74";"10";"3.00";"5.90";"56.49";"74848.66";"642.63"
"377";"39103";"Medina";"Ohio";"43";"3";"4.00";"4.30";"97.06";"159304.21";"1291.46"
"378";"39113";"Montgomery";"Ohio";"164";"17";"3.09";"4.40";"70.66";"92417.24";"769.93"
"379";"39133";"Portage";"Ohio";"54";"1";"";"4.50";"86.60";"135636.78";"1122.50"
"380";"39153";"Summit";"Ohio";"161";"12";"3.00";"4.60";"81.86";"114491.19";"834.21"
"381";"39155";"Trumbull";"Ohio";"72";"5";"4.00";"6.20";"60.54";"78316.86";"710.63"
"382";"39165";"Warren";"Ohio";"45";"4";"4.00";"3.80";"88.22";"169186.59";"1504.07"
"383";"40017";"Canadian";"Oklahoma";"47";"2";"";"2.90";"85.66";"143500.00";"1265.08"
"384";"40027";"Cleveland";"Oklahoma";"70";"6";"3.50";"3.00";"73.07";"110371.26";"1137.77"
"385";"40109";"Oklahoma";"Oklahoma";"230";"30";"3.20";"3.40";"64.72";"94882.76";"1035.81"
"386";"40119";"Payne";"Oklahoma";"28";"2";"3.00";"3.10";"67.95";"112192.72";"1025.71"
"387";"40125";"Pottawatomie";"Oklahoma";"35";"2";"";"3.80";"62.04";"80200.00";"772.92"
"388";"40131";"Rogers";"Oklahoma";"34";"2";"3.00";"3.40";"75.73";"111033.71";"1162.32"
"389";"40143";"Tulsa";"Oklahoma";"173";"23";"3.20";"3.50";"64.90";"99540.23";"1053.93"
"390";"40145";"Wagoner";"Oklahoma";"21";"1";"3.00";"3.50";"76.70";"105496.93";"1229.62"
"391";"40147";"Washington";"Oklahoma";"21";"1";"";"4.10";"48.38";"70269.35";"839.54"
"392";"41003";"Benton";"Oregon";"27";"1";"3.00";"3.10";"130.79";"222176.63";"1443.44"
"393";"41005";"Clackamas";"Oregon";"115";"4";"3.25";"3.60";"148.63";"256066.28";"1698.35"
"394";"41017";"Deschutes";"Oregon";"43";"2";"";"4.10";"134.93";"219064.37";"1382.73"
"395";"41019";"Douglas";"Oregon";"48";"3";"2.25";"5.20";"97.98";"128790.04";"811.13"
"396";"41029";"Jackson";"Oregon";"62";"3";"3.33";"4.70";"122.36";"190127.59";"1221.81"
"397";"41035";"Klamath";"Oregon";"30";"1";"3.00";"6.20";"81.93";"123474.33";"942.88"
"398";"41039";"Lane";"Oregon";"111";"6";"2.50";"4.30";"128.05";"182897.32";"1177.73"
"399";"41043";"Linn";"Oregon";"46";"2";"2.50";"4.60";"107.15";"145302.68";"1280.88"
"400";"41047";"Marion";"Oregon";"111";"4";"3.00";"4.20";"112.15";"161927.97";"1094.98"
"401";"41051";"Multnomah";"Oregon";"168";"12";"2.86";"3.60";"174.49";"228725.67";"1532.82"
"402";"41067";"Washington";"Oregon";"129";"5";"3.33";"3.40";"145.34";"241031.80";"1522.23"
"403";"41071";"Yamhill";"Oregon";"34";"2";"3.50";"3.70";"120.22";"180600.38";"1599.75"
"404";"42003";"Allegheny";"Pennsylvania";"297";"32";"2.82";"4.10";"75.02";"100747.89";"1149.16"
"405";"42007";"Beaver";"Pennsylvania";"54";"2";"2.00";"4.60";"78.70";"102416.86";"814.45"
"406";"42011";"Berks";"Pennsylvania";"99";"6";"3.00";"4.20";"87.55";"141934.10";"1098.83"
"407";"42017";"Bucks";"Pennsylvania";"133";"10";"3.38";"3.70";"141.07";"250563.22";"1643.89"
"408";"42029";"Chester";"Pennsylvania";"109";"10";"3.25";"3.20";"128.48";"266215.71";"1673.58"
"409";"42035";"Clinton";"Pennsylvania";"11";"2";"3.00";"5.40";"66.42";"99340.23";"906.25"
"410";"42041";"Cumberland";"Pennsylvania";"57";"5";"3.50";"3.30";"97.12";"153224.14";"1219.64"
"411";"42043";"Dauphin";"Pennsylvania";"71";"8";"3.00";"4.00";"88.67";"130188.12";"972.97"
"412";"42045";"Delaware";"Pennsylvania";"108";"8";"2.33";"4.00";"111.79";"171975.48";"1280.31"
"413";"42049";"Erie";"Pennsylvania";"74";"9";"3.40";"4.80";"71.42";"98375.10";"920.00"
"414";"42071";"Lancaster";"Pennsylvania";"115";"5";"3.50";"3.40";"105.30";"157132.57";"1034.70"
"415";"42073";"Lawrence";"Pennsylvania";"29";"2";"3.00";"5.20";"56.52";"84312.39";"657.29"
"416";"42075";"Lebanon";"Pennsylvania";"36";"3";"";"3.80";"93.33";"138207.17";"988.85"
"417";"42077";"Lehigh";"Pennsylvania";"83";"10";"3.00";"4.60";"101.32";"156542.91";"1291.98"
"418";"42079";"Luzerne";"Pennsylvania";"67";"8";"2.50";"5.40";"55.43";"87844.02";"873.68"
"419";"42081";"Lycoming";"Pennsylvania";"33";"4";"4.00";"4.90";"76.22";"109469.73";"897.92"
"420";"42089";"Monroe";"Pennsylvania";"32";"2";"";"5.40";"91.18";"139901.15";"1174.49"
"421";"42091";"Montgomery";"Pennsylvania";"164";"16";"2.20";"3.40";"129.70";"234897.70";"1567.73"
"422";"42095";"Northampton";"Pennsylvania";"61";"3";"2.00";"4.40";"105.66";"166893.87";"1271.05"
"423";"42101";"Philadelphia";"Pennsylvania";"308";"35";"2.93";"5.60";"72.33";"93100.77";"1393.03"
"424";"42107";"Schuylkill";"Pennsylvania";"38";"3";"4.00";"5.30";"41.39";"62066.28";"752.08"
"425";"42125";"Washington";"Pennsylvania";"56";"4";"2.67";"4.40";"78.41";"105213.03";"1007.27"
"426";"42133";"York";"Pennsylvania";"109";"7";"3.33";"3.80";"97.34";"141408.81";"1097.56"
"427";"44003";"Kent";"Rhode Island";"47";"1";"3.00";"3.70";"142.13";"179532.18";"1408.78"
"428";"44005";"Newport";"Rhode Island";"21";"2";"4.00";"3.60";"196.40";"292978.54";"2002.87"
"429";"44007";"Providence";"Rhode Island";"189";"15";"3.00";"4.40";"136.49";"182825.29";"1358.52"
"430";"44009";"Washington";"Rhode Island";"38";"2";"3.00";"3.60";"175.74";"273752.87";"1561.62"
"431";"45003";"Aiken";"South Carolina";"39";"1";"2.00";"3.50";"59.88";"89558.43";"980.23"
"432";"45007";"Anderson";"South Carolina";"55";"4";"";"3.40";"64.73";"95452.49";"903.89"
"433";"45019";"Charleston";"South Carolina";"85";"11";"3.67";"2.90";"124.15";"203437.55";"1443.44"
"434";"45035";"Dorchester";"South Carolina";"29";"2";"";"3.20";"85.41";"143979.69";"1285.65"
"435";"45045";"Greenville";"South Carolina";"103";"12";"4.40";"3.10";"76.21";"131446.36";"1197.79"
"436";"45051";"Horry";"South Carolina";"56";"5";"3.50";"4.40";"100.75";"142401.53";"1054.90"
"437";"45063";"Lexington";"South Carolina";"71";"3";"3.00";"3.00";"72.44";"115242.53";"1127.16"
"438";"45077";"Pickens";"South Carolina";"27";"2";"3.00";"3.50";"75.34";"111832.57";"994.48"
"439";"45079";"Richland";"South Carolina";"107";"16";"2.00";"3.60";"70.81";"117781.99";"1093.06"
"440";"45083";"Spartanburg";"South Carolina";"84";"6";"3.50";"3.30";"65.60";"102881.23";"1023.99"
"441";"45085";"Sumter";"South Carolina";"28";"1";"";"4.30";"68.39";"84921.35";"1005.71"
"442";"45091";"York";"South Carolina";"63";"2";"1.00";"3.40";"81.93";"135761.69";"1331.67"
"443";"46099";"Minnehaha";"South Dakota";"78";"8";"";"2.70";"99.17";"129912.69";"969.89"
"444";"47009";"Blount";"Tennessee";"29";"2";"2.00";"3.30";"79.43";"112859.39";"1162.50"
"445";"47011";"Bradley";"Tennessee";"26";"2";"";"3.60";"69.46";"97986.59";"884.00"
"446";"47037";"Davidson";"Tennessee";"167";"15";"3.17";"2.70";"90.32";"143962.84";"1503.63"
"447";"47065";"Hamilton";"Tennessee";"78";"13";"2.50";"3.40";"64.52";"121591.95";"1230.01"
"448";"47093";"Knox";"Tennessee";"93";"13";"3.50";"3.00";"83.39";"125127.59";"995.05"
"449";"47113";"Madison";"Tennessee";"28";"3";"";"3.80";"55.78";"84202.68";"910.83"
"450";"47119";"Maury";"Tennessee";"21";"1";"4.00";"3.30";"74.13";"108345.21";"1389.29"
"451";"47125";"Montgomery";"Tennessee";"41";"1";"";"3.90";"72.20";"110920.69";"1031.59"
"452";"47141";"Putnam";"Tennessee";"21";"1";"3.00";"3.50";"69.02";"110082.38";"913.88"
"453";"47149";"Rutherford";"Tennessee";"61";"4";"3.00";"2.70";"84.38";"133786.97";"1161.95"
"454";"47157";"Shelby";"Tennessee";"322";"23";"2.00";"4.20";"62.43";"100731.80";"952.26"
"455";"47163";"Sullivan";"Tennessee";"43";"5";"3.00";"3.70";"62.18";"100062.07";"819.17"
"456";"47165";"Sumner";"Tennessee";"47";"3";"2.50";"2.80";"83.38";"139506.13";"1482.30"
"457";"47179";"Washington";"Tennessee";"29";"8";"3.00";"3.60";"71.40";"104990.80";"864.35"
"458";"47187";"Williamson";"Tennessee";"48";"2";"4.00";"2.50";"115.29";"281809.58";"1911.16"
"459";"47189";"Wilson";"Tennessee";"27";"2";"";"2.80";"90.50";"173240.61";"1560.89"
"460";"48027";"Bell";"Texas";"121";"10";"3.50";"4.10";"64.64";"104500.77";"973.33"
"461";"48041";"Brazos";"Texas";"47";"6";"3.00";"2.90";"80.23";"133866.67";"1324.73"
"462";"48061";"Cameron";"Texas";"182";"11";"3.50";"6.20";"54.36";"67944.83";"1111.97"
"463";"48085";"Collin";"Texas";"277";"28";"3.83";"3.30";"85.63";"200489.29";"1679.04"
"464";"48091";"Comal";"Texas";"48";"5";"4.00";"3.30";"94.54";"182104.21";"1382.45"
"465";"48099";"Coryell";"Texas";"28";"1";"";"4.00";"70.10";"100314.94";"890.00"
"466";"48113";"Dallas";"Texas";"728";"58";"3.22";"3.70";"71.75";"117046.61";"1324.31"
"467";"48121";"Denton";"Texas";"234";"19";"3.75";"3.10";"84.17";"173666.15";"1571.54"
"468";"48139";"Ellis";"Texas";"63";"3";"3.00";"3.30";"71.38";"127208.81";"1306.65"
"469";"48141";"El Paso";"Texas";"279";"17";"2.33";"4.30";"66.51";"96236.78";"1124.06"
"470";"48183";"Gregg";"Texas";"48";"6";"4.00";"4.20";"59.70";"101336.02";"1120.00"
"471";"48221";"Hood";"Texas";"18";"1";"3.00";"3.70";"80.36";"149609.96";"1280.39"
"472";"48251";"Johnson";"Texas";"70";"1";"4.00";"3.50";"68.20";"113905.36";"1285.36"
"473";"48397";"Rockwall";"Texas";"24";"3";"3.00";"3.20";"80.15";"178959.76";"1578.69"
"474";"48439";"Tarrant";"Texas";"564";"54";"3.20";"3.50";"70.29";"126063.10";"1338.99"
"475";"48491";"Williamson";"Texas";"162";"12";"3.00";"3.00";"85.89";"166872.37";"1430.47"
"476";"49011";"Davis";"Utah";"103";"5";"3.00";"2.90";"129.31";"191613.79";"1276.63"
"477";"49021";"Iron";"Utah";"19";"1";"3.00";"3.60";"85.53";"173127.20";"990.83"
"478";"49035";"Salt Lake";"Utah";"300";"24";"3.43";"3.00";"146.21";"198992.72";"1317.33"
"479";"49047";"Uintah";"Utah";"14";"1";"";"4.80";"124.95";"183746.36";"813.96"
"480";"49049";"Utah";"Utah";"179";"10";"3.67";"2.80";"127.59";"191292.72";"1214.04"
"481";"49053";"Washington";"Utah";"53";"2";"4.00";"3.40";"104.16";"190117.62";"1145.73"
"482";"49057";"Weber";"Utah";"82";"2";"3.00";"3.50";"116.14";"151419.54";"996.56"
"483";"51003";"Albemarle";"Virginia";"28";"4";"3.00";"2.60";"146.25";"246962.84";"1382.81"
"484";"51013";"Arlington";"Virginia";"39";"1";"4.00";"2.00";"333.36";"443319.16";"2301.18"
"485";"51041";"Chesterfield";"Virginia";"67";"4";"";"2.90";"95.18";"171646.74";"1261.30"
"486";"51059";"Fairfax";"Virginia";"221";"8";"3.00";"2.50";"224.61";"390961.69";"2091.14"
"487";"51061";"Fauquier";"Virginia";"22";"1";"2.00";"2.60";"152.11";"267279.31";"1645.00"
"488";"51085";"Hanover";"Virginia";"26";"2";"4.00";"2.60";"111.80";"200410.34";"1385.09"
"489";"51087";"Henrico";"Virginia";"84";"5";"4.00";"3.00";"102.83";"170357.47";"1182.06"
"490";"51095";"James City";"Virginia";"15";"2";"";"3.00";"120.97";"258953.64";"1572.99"
"491";"51107";"Loudoun";"Virginia";"92";"4";"3.00";"2.50";"176.25";"372560.15";"2068.37"
"492";"51121";"Montgomery";"Virginia";"23";"2";"3.00";"3.00";"94.02";"162485.44";"1255.61"
"493";"51153";"Prince William";"Virginia";"96";"3";"2.00";"2.70";"156.03";"277159.77";"1794.39"
"494";"51161";"Roanoke";"Virginia";"26";"1";"";"2.80";"105.12";"141742.15";"1122.78"
"495";"51177";"Spotsylvania";"Virginia";"35";"1";"3.00";"3.00";"121.00";"185316.73";"1439.49"
"496";"51179";"Stafford";"Virginia";"32";"1";"";"3.00";"113.92";"257321.84";"1626.20"
"497";"51199";"York";"Virginia";"19";"2";"4.00";"2.80";"116.07";"236055.56";"1519.03"
"498";"51540";"Charlottesville City";"Virginia";"13";"1";"2.00";"2.50";"160.17";"197406.90";"1398.64"
"499";"51550";"Chesapeake City";"Virginia";"52";"1";"";"3.10";"106.04";"199363.22";"1448.15"
"500";"51650";"Hampton City";"Virginia";"37";"3";"3.00";"4.10";"92.63";"132309.58";"1105.41"
"501";"51670";"Hopewell City";"Virginia";"8";"2";"2.00";"4.70";"74.43";"92654.02";"881.46"
"502";"51680";"Lynchburg City";"Virginia";"22";"3";"";"4.00";"66.80";"106007.66";"824.22"
"503";"51700";"Newport News City";"Virginia";"50";"5";"3.00";"3.70";"97.06";"144166.28";"1188.98"
"504";"51710";"Norfolk City";"Virginia";"58";"7";"3.33";"3.70";"102.17";"142252.11";"1274.46"
"505";"51740";"Portsmouth City";"Virginia";"26";"2";"3.00";"4.10";"91.67";"122350.19";"1159.27"
"506";"51760";"Richmond City";"Virginia";"56";"6";"3.00";"3.60";"88.23";"121528.74";"1056.75"
"507";"51770";"Roanoke City";"Virginia";"28";"2";"";"3.30";"81.89";"95977.01";"819.41"
"508";"51800";"Suffolk City";"Virginia";"23";"3";"4.00";"3.30";"99.84";"182159.77";"1579.39"
"509";"51810";"Virginia Beach City";"Virginia";"92";"4";"3.50";"2.90";"117.53";"202385.06";"1396.62"
"510";"53005";"Benton";"Washington";"60";"4";"3.00";"5.20";"98.61";"157152.11";"1363.89"
"511";"53011";"Clark";"Washington";"133";"4";"3.00";"4.90";"129.11";"210679.31";"1432.55"
"512";"53029";"Island";"Washington";"26";"2";"3.00";"5.30";"146.75";"242067.43";"1253.98"
"513";"53033";"King";"Washington";"514";"32";"3.00";"3.40";"198.20";"333070.11";"1956.87"
"514";"53035";"Kitsap";"Washington";"80";"4";"";"4.70";"149.25";"230403.83";"1342.18"
"515";"53053";"Pierce";"Washington";"276";"12";"3.00";"5.20";"125.91";"211758.24";"1436.38"
"516";"53057";"Skagit";"Washington";"50";"3";"3.50";"5.30";"140.68";"240032.58";"1638.07"
"517";"53061";"Snohomish";"Washington";"224";"8";"3.00";"3.80";"153.93";"265800.00";"1629.43"
"518";"53063";"Spokane";"Washington";"172";"10";"3.00";"5.30";"105.98";"145546.36";"1014.04"
"519";"53067";"Thurston";"Washington";"80";"2";"3.00";"4.80";"122.39";"204631.80";"1406.85"
"520";"53073";"Whatcom";"Washington";"72";"2";"";"4.70";"137.34";"228824.52";"1305.09"
"521";"53077";"Yakima";"Washington";"110";"4";"2.25";"6.40";"93.23";"128626.82";"1133.89"
"522";"54003";"Berkeley";"West Virginia";"35";"2";"3.00";"4.10";"98.88";"154429.20";"1147.81"
"523";"54011";"Cabell";"West Virginia";"30";"6";"2.50";"4.70";"54.94";"94795.51";"857.50"
"524";"54037";"Jefferson";"West Virginia";"16";"1";"3.00";"3.40";"98.46";"179101.53";"1350.00"
"525";"54039";"Kanawha";"West Virginia";"72";"8";"3.22";"5.10";"60.68";"69583.52";"919.58"
"526";"54061";"Monongalia";"West Virginia";"19";"3";"2.50";"4.00";"88.18";"128431.42";"1225.60"
"527";"55025";"Dane";"Wisconsin";"161";"9";"3.00";"2.20";"128.02";"192159.23";"1418.53"
"528";"55059";"Kenosha";"Wisconsin";"53";"3";"";"3.50";"109.95";"143490.42";"1168.03"
"529";"55079";"Milwaukee";"Wisconsin";"295";"22";"3.67";"3.60";"84.95";"103633.33";"1135.01"
"530";"55109";"Saint Croix";"Wisconsin";"29";"5";"4.00";"2.90";"92.27";"167841.76";"1322.42"
"531";"55127";"Walworth";"Wisconsin";"42";"2";"3.00";"2.90";"96.51";"147551.34";"1280.21"
"532";"55133";"Waukesha";"Wisconsin";"112";"9";"4.00";"2.60";"129.38";"225754.27";"1649.27"
"533";"56021";"Laramie";"Wyoming";"42";"2";"2.00";"3.70";"128.30";"162250.63";"1290.12"
"534";"56025";"Natrona";"Wyoming";"36";"6";"3.00";"4.50";"121.18";"149943.46";"1127.71"
